name,full_name,private,fork,stargazers_count,forks_count,description,html_url
Alpha2Sdk,nikitakoselev/Alpha2Sdk,False,True,0,0,,https://github.com/nikitakoselev/Alpha2Sdk
Amass,nikitakoselev/Amass,False,True,0,0,In-depth Attack Surface Mapping and Asset Discovery,https://github.com/nikitakoselev/Amass
automation,nikitakoselev/automation,False,False,0,0,"automation stuff, mostly AI tools and prompts",https://github.com/nikitakoselev/automation
forem,nikitakoselev/forem,False,True,0,0,For empowering community üå±,https://github.com/nikitakoselev/forem
fozzie-components,nikitakoselev/fozzie-components,False,True,0,0,,https://github.com/nikitakoselev/fozzie-components
freeCodeCamp,nikitakoselev/freeCodeCamp,False,True,0,0,freeCodeCamp.org's open-source codebase and curriculum. Learn to code for free.,https://github.com/nikitakoselev/freeCodeCamp
fullstack-hy2020.github.io,nikitakoselev/fullstack-hy2020.github.io,False,True,0,0,,https://github.com/nikitakoselev/fullstack-hy2020.github.io
fusion,nikitakoselev/fusion,False,True,0,1,üß¨ Generate secure by default cloud infrastructure configuration with Go and Terraform.,https://github.com/nikitakoselev/fusion
gadfly-ai,nikitakoselev/gadfly-ai,False,False,3,0,a public repo for https://www.gadfly.ai/ related activities,https://github.com/nikitakoselev/gadfly-ai
Gamme2048-And-GameOfFifteen,nikitakoselev/Gamme2048-And-GameOfFifteen,False,True,0,0,Game 2048 and Game of Fifteen,https://github.com/nikitakoselev/Gamme2048-And-GameOfFifteen
generative,nikitakoselev/generative,False,True,0,0,,https://github.com/nikitakoselev/generative
github-readme-streak-stats,nikitakoselev/github-readme-streak-stats,False,True,0,0,"üî• Stay motivated and show off your contribution streak! üåü Display your total contributions, current streak, and longest streak on your GitHub profile README",https://github.com/nikitakoselev/github-readme-streak-stats
github-repositories-cleanup,nikitakoselev/github-repositories-cleanup,False,False,0,0,,https://github.com/nikitakoselev/github-repositories-cleanup
github-workshop,nikitakoselev/github-workshop,False,True,0,0,Reposit√≥rio usado no workshop de Git e GitHub,https://github.com/nikitakoselev/github-workshop
glide,nikitakoselev/glide,False,True,0,0,Package Management for Golang,https://github.com/nikitakoselev/glide
go,nikitakoselev/go,False,True,0,0,Exercism exercises in Go.,https://github.com/nikitakoselev/go
go-challenge,nikitakoselev/go-challenge,False,False,1,0,,https://github.com/nikitakoselev/go-challenge
go-form3,nikitakoselev/go-form3,False,True,1,0,go client library for the form3 api http://api-docs.form3.tech/,https://github.com/nikitakoselev/go-form3
gogradle,nikitakoselev/gogradle,False,True,0,0,A Gradle Plugin Providing Full Support for Go,https://github.com/nikitakoselev/gogradle
goju-ryu-karate-studies,nikitakoselev/goju-ryu-karate-studies,False,False,0,0,Project dedicated to the path of Goju Ryu karate,https://github.com/nikitakoselev/goju-ryu-karate-studies
GolangTraining,nikitakoselev/GolangTraining,False,True,0,0,Training for Golang (go language),https://github.com/nikitakoselev/GolangTraining
gophertale,nikitakoselev/gophertale,False,True,0,0,A repository for the TWOSS Gopher Fairytale ,https://github.com/nikitakoselev/gophertale
gradle,nikitakoselev/gradle,False,True,1,0,"Adaptable, fast automation for all",https://github.com/nikitakoselev/gradle
gradle-build-scan-quickstart,nikitakoselev/gradle-build-scan-quickstart,False,True,0,0,An example project to experience build scans for Gradle.,https://github.com/nikitakoselev/gradle-build-scan-quickstart
gradle-build-tool-training-exercises,nikitakoselev/gradle-build-tool-training-exercises,False,True,1,0,Exercises for live gradle.com/training sessions,https://github.com/nikitakoselev/gradle-build-tool-training-exercises
gradle-site-plugin,nikitakoselev/gradle-site-plugin,False,True,0,0,,https://github.com/nikitakoselev/gradle-site-plugin
gradledevprod,nikitakoselev/gradledevprod,True,False,0,0,a small test task from my friends in Gradle,https://github.com/nikitakoselev/gradledevprod
graphql-go,nikitakoselev/graphql-go,False,True,0,0,GraphQL server with a focus on ease of use,https://github.com/nikitakoselev/graphql-go
graphql-kotlin,nikitakoselev/graphql-kotlin,False,True,0,0,Libraries for running GraphQL in Kotlin,https://github.com/nikitakoselev/graphql-kotlin
gravitee-api-management,nikitakoselev/gravitee-api-management,False,True,1,0,Gravitee.io - API Management - OpenSource APIM Solution,https://github.com/nikitakoselev/gravitee-api-management
gross-store,nikitakoselev/gross-store,False,False,0,0,,https://github.com/nikitakoselev/gross-store
guava,nikitakoselev/guava,False,True,0,0,Google core libraries for Java,https://github.com/nikitakoselev/guava
gum,nikitakoselev/gum,False,True,0,0,A tool for glamorous shell scripts üéÄ,https://github.com/nikitakoselev/gum
hackerrank,nikitakoselev/hackerrank,False,False,1,0,,https://github.com/nikitakoselev/hackerrank
hamming,nikitakoselev/hamming,False,False,1,0,https://exercism.org/tracks/go/exercises/hamming,https://github.com/nikitakoselev/hamming
handbook,nikitakoselev/handbook,False,True,0,0,The Made Tech open source company handbook,https://github.com/nikitakoselev/handbook
health-statistics,nikitakoselev/health-statistics,False,False,1,0,https://exercism.org/tracks/rust/exercises/health-statistics,https://github.com/nikitakoselev/health-statistics
i18n,nikitakoselev/i18n,False,True,0,0,"Utilities, assets and configurations used by I18n team. Mirror of code maintained at opendev.org.",https://github.com/nikitakoselev/i18n
incubator-devlake,nikitakoselev/incubator-devlake,False,True,2,0,"Apache DevLake is an open-source dev data platform that ingests, analyzes, and visualizes the fragmented data from DevOps tools to distill insights for engineering productivity.",https://github.com/nikitakoselev/incubator-devlake
incubator-devlake-website,nikitakoselev/incubator-devlake-website,False,True,0,0,Apache Devlake Website,https://github.com/nikitakoselev/incubator-devlake-website
incubator-doris,nikitakoselev/incubator-doris,False,True,0,0,Apache Doris(Incubating) is an MPP-based interactive SQL data warehousing for reporting and analysis.,https://github.com/nikitakoselev/incubator-doris
infracost,nikitakoselev/infracost,False,True,0,0,Cloud cost estimates for Terraform in pull requestsüí∞üìâ Love your cloud bill!,https://github.com/nikitakoselev/infracost
inngest-cli,nikitakoselev/inngest-cli,False,True,0,0,Inngest CLI: The event-driven queue for any language.,https://github.com/nikitakoselev/inngest-cli
interest-is-interesting,nikitakoselev/interest-is-interesting,False,False,0,0,float32 and float64 related project from exercism.io: https://exercism.org/tracks/go/exercises/interest-is-interesting,https://github.com/nikitakoselev/interest-is-interesting
interview-accountapi,nikitakoselev/interview-accountapi,True,False,0,0,,https://github.com/nikitakoselev/interview-accountapi
interview-accountapi-1,nikitakoselev/interview-accountapi-1,False,True,0,0,Form3 Account API Take Home Exercise,https://github.com/nikitakoselev/interview-accountapi-1
Intrapreneur-Undercover,nikitakoselev/Intrapreneur-Undercover,False,False,0,0,Undercover Intrapreneur's survival guide,https://github.com/nikitakoselev/Intrapreneur-Undercover
isogram,nikitakoselev/isogram,False,False,1,0,https://exercism.org/tracks/go/exercises/isogram,https://github.com/nikitakoselev/isogram
Java,nikitakoselev/Java,False,True,0,0,All Algorithms implemented in Java,https://github.com/nikitakoselev/Java
java-9-studies,nikitakoselev/java-9-studies,False,False,0,0,Java 9 features,https://github.com/nikitakoselev/java-9-studies
java-client,nikitakoselev/java-client,False,True,0,0,"Java language binding for writing Appium Tests, conforms to Mobile JSON Wire & W3C Webdriver Protocol",https://github.com/nikitakoselev/java-client
java-design-patterns,nikitakoselev/java-design-patterns,False,True,0,0,Design patterns implemented in Java,https://github.com/nikitakoselev/java-design-patterns
java-developer-roadmap,nikitakoselev/java-developer-roadmap,False,True,0,0,Roadmap to becoming a Java developer in 2021,https://github.com/nikitakoselev/java-developer-roadmap
JavaHiddenGems,nikitakoselev/JavaHiddenGems,False,True,1,0,,https://github.com/nikitakoselev/JavaHiddenGems
javascript-datastructures-algorithms,nikitakoselev/javascript-datastructures-algorithms,False,True,0,0,:books: collection of JavaScript and TypeScript data structures and algorithms for education purposes. Source code bundle of JavaScript algorithms and data structures book,https://github.com/nikitakoselev/javascript-datastructures-algorithms
jax-cicd,nikitakoselev/jax-cicd,False,False,0,0,JAXLondon2019,https://github.com/nikitakoselev/jax-cicd
jaxlondon,nikitakoselev/jaxlondon,False,True,0,0,,https://github.com/nikitakoselev/jaxlondon
jdk,nikitakoselev/jdk,False,True,0,0,JDK main-line development,https://github.com/nikitakoselev/jdk
jenkins,nikitakoselev/jenkins,False,True,0,0,Jenkins automation server,https://github.com/nikitakoselev/jenkins
jenkins.io,nikitakoselev/jenkins.io,False,True,0,0,A static site for the Jenkins automation server,https://github.com/nikitakoselev/jenkins.io
jetbrains_java_beginner,nikitakoselev/jetbrains_java_beginner,False,False,0,0,,https://github.com/nikitakoselev/jetbrains_java_beginner
jkosha.github.io,nikitakoselev/jkosha.github.io,False,False,0,0,Goju Ryu related notes,https://github.com/nikitakoselev/jkosha.github.io
junit5-samples,nikitakoselev/junit5-samples,False,True,0,0,Collection of sample applications using JUnit 5.,https://github.com/nikitakoselev/junit5-samples
kafka,nikitakoselev/kafka,False,True,0,0,Mirror of Apache Kafka,https://github.com/nikitakoselev/kafka
kics,nikitakoselev/kics,False,True,0,0,"Find security vulnerabilities, compliance issues, and infrastructure misconfigurations early in the development cycle of your infrastructure-as-code with KICS by Checkmarx.",https://github.com/nikitakoselev/kics
klink.github.io,nikitakoselev/klink.github.io,False,True,0,0,Personal Portfolio Website,https://github.com/nikitakoselev/klink.github.io
klite,nikitakoselev/klite,False,True,0,0,Kotlin async http server framework with coroutines and zero deps,https://github.com/nikitakoselev/klite
kong,nikitakoselev/kong,False,True,0,0,ü¶ç The Cloud-Native API Gateway ,https://github.com/nikitakoselev/kong
kotlin-studies,nikitakoselev/kotlin-studies,False,False,0,0,,https://github.com/nikitakoselev/kotlin-studies
kubernetes,nikitakoselev/kubernetes,False,True,0,0,Production-Grade Container Scheduling and Management,https://github.com/nikitakoselev/kubernetes
kubernetes-the-hard-way,nikitakoselev/kubernetes-the-hard-way,False,True,0,0,Bootstrap Kubernetes the hard way on Vagrant on Local Machine. No scripts.,https://github.com/nikitakoselev/kubernetes-the-hard-way
landscape,nikitakoselev/landscape,False,True,0,0,"üåÑThe Cloud Native Interactive Landscape filters and sorts hundreds of projects and products, and shows details including GitHub stars, funding or market cap, first and last commits, contributor counts, headquarters location, and recent tweets.",https://github.com/nikitakoselev/landscape
leafygreen-ui,nikitakoselev/leafygreen-ui,False,True,0,0,LeafyGreen UI ‚Äì LeafyGreen's React UI Kit,https://github.com/nikitakoselev/leafygreen-ui
learn-go-with-tests,nikitakoselev/learn-go-with-tests,False,True,1,0,Learn Go with test-driven development,https://github.com/nikitakoselev/learn-go-with-tests
learn-to-cloud,nikitakoselev/learn-to-cloud,False,True,0,0,Learn the fundamentals of cloud computing,https://github.com/nikitakoselev/learn-to-cloud
leetcode-python-solutions,nikitakoselev/leetcode-python-solutions,False,True,0,0,All Python solutions for Leetcode,https://github.com/nikitakoselev/leetcode-python-solutions
LinkFree,nikitakoselev/LinkFree,False,True,0,0,"Connect to your audience with a single link. Showcase the content you create and your projects in one place. Make it easier for people to find, follow and subscribe.",https://github.com/nikitakoselev/LinkFree
LinuxTimeline,nikitakoselev/LinuxTimeline,False,True,0,0,Linux Distributions Timeline,https://github.com/nikitakoselev/LinuxTimeline
llama,nikitakoselev/llama,False,True,0,0,Inference code for LLaMA models,https://github.com/nikitakoselev/llama
llvm-project,nikitakoselev/llvm-project,False,True,0,0,The LLVM Project is a collection of modular and reusable compiler and toolchain technologies.  This fork is used to manage Apple‚Äôs stable releases of Clang as well as support the Swift project.,https://github.com/nikitakoselev/llvm-project
logs-logs-logs,nikitakoselev/logs-logs-logs,False,False,1,0,https://exercism.org/tracks/go/exercises/logs-logs-logs,https://github.com/nikitakoselev/logs-logs-logs
lucians-luscious-lasagna,nikitakoselev/lucians-luscious-lasagna,False,False,1,0,https://exercism.org/tracks/rust/exercises/lucians-luscious-lasagna,https://github.com/nikitakoselev/lucians-luscious-lasagna
lusid-sdk-java,nikitakoselev/lusid-sdk-java,False,True,0,0,"Java SDK for LUSID by FINBOURNE, a bi-temporal investment management data platform with portfolio accounting capabilities.",https://github.com/nikitakoselev/lusid-sdk-java
lusid-sdk-java-preview,nikitakoselev/lusid-sdk-java-preview,False,True,0,0,"Java Preview SDK for LUSID by FINBOURNE, a bi-temporal investment management data platform with portfolio accounting capabilities.",https://github.com/nikitakoselev/lusid-sdk-java-preview
mac-dev-playbook,nikitakoselev/mac-dev-playbook,False,True,0,0,Mac setup and configuration via Ansible.,https://github.com/nikitakoselev/mac-dev-playbook
maven,nikitakoselev/maven,False,True,0,0,Apache Maven core,https://github.com/nikitakoselev/maven
merico-dev-build,nikitakoselev/merico-dev-build,False,True,0,0,"Merico Build is a web app empowering open source developers, maintainers, and communities with metrics from Git, GitHub, and more.",https://github.com/nikitakoselev/merico-dev-build
Meridio,nikitakoselev/Meridio,False,True,0,0,Facilitator of attraction and distribution of external traffic within Kubernetes via secondary networks,https://github.com/nikitakoselev/Meridio
mermaid,nikitakoselev/mermaid,False,True,1,0,Generation of diagram and flowchart from text in a similar manner as markdown,https://github.com/nikitakoselev/mermaid
metasearch,nikitakoselev/metasearch,False,True,0,0,"Search aggregator for Slack, Google Docs, GitHub, and more :mag:",https://github.com/nikitakoselev/metasearch
meteorology,nikitakoselev/meteorology,False,False,1,0,https://exercism.org/tracks/go/exercises/meteorology,https://github.com/nikitakoselev/meteorology
metrohacks-hackathon,nikitakoselev/metrohacks-hackathon,False,True,0,0,,https://github.com/nikitakoselev/metrohacks-hackathon
mfti-html-css,nikitakoselev/mfti-html-css,False,False,1,0,,https://github.com/nikitakoselev/mfti-html-css
mfti-html-css-2,nikitakoselev/mfti-html-css-2,False,False,0,0,,https://github.com/nikitakoselev/mfti-html-css-2
mitmproxy2swagger,nikitakoselev/mitmproxy2swagger,False,True,1,0,Automagically reverse-engineer REST APIs via capturing traffic,https://github.com/nikitakoselev/mitmproxy2swagger
mockito,nikitakoselev/mockito,False,True,0,0,Most popular Mocking framework for unit tests written in Java,https://github.com/nikitakoselev/mockito
mongo,nikitakoselev/mongo,False,True,0,0,The MongoDB Database,https://github.com/nikitakoselev/mongo
MSG,nikitakoselev/MSG,True,False,0,0,MicroService Generator,https://github.com/nikitakoselev/MSG
mtfi_javascript_01,nikitakoselev/mtfi_javascript_01,False,False,1,0,,https://github.com/nikitakoselev/mtfi_javascript_01
MultiTask-GNN,nikitakoselev/MultiTask-GNN,False,True,0,0,Github repository for the Multitask-GNN paper,https://github.com/nikitakoselev/MultiTask-GNN
need-for-speed,nikitakoselev/need-for-speed,False,False,1,0,"need-for-speed, based on exersicm.io's https://exercism.org/tracks/go/exercises/need-for-speed",https://github.com/nikitakoselev/need-for-speed
neo4j-energy-calculator,nikitakoselev/neo4j-energy-calculator,True,False,0,0,,https://github.com/nikitakoselev/neo4j-energy-calculator
nft-gallery,nikitakoselev/nft-gallery,False,True,0,0,NFT Explorer üó∫ üß≠  running on Kusama and Polkadot ,https://github.com/nikitakoselev/nft-gallery
nikitakoselev.github.com,nikitakoselev/nikitakoselev.github.com,False,False,0,0,"My personal website to share my experience in Open Source, DevRel and Software Engineering",https://github.com/nikitakoselev/nikitakoselev.github.com
node,nikitakoselev/node,False,True,0,0,Node.js JavaScript runtime :sparkles::turtle::rocket::sparkles:,https://github.com/nikitakoselev/node
nvm-windows,nikitakoselev/nvm-windows,False,True,0,0,A node.js version management utility for Windows. Ironically written in Go.,https://github.com/nikitakoselev/nvm-windows
okta-spring-boot-react-crud-example,nikitakoselev/okta-spring-boot-react-crud-example,False,True,0,0,Simple CRUD with React and Spring Boot 2.0,https://github.com/nikitakoselev/okta-spring-boot-react-crud-example
open-regtech-sig,nikitakoselev/open-regtech-sig,False,True,0,0,The FINOS Regulation Innovation Special Interest Group (SIG) is a community of people interested in creating open source solutions for regulatory and compliance issues in financial services.,https://github.com/nikitakoselev/open-regtech-sig
open-source-events,nikitakoselev/open-source-events,False,True,0,0,A list of Open Source conferences or events to look out for.,https://github.com/nikitakoselev/open-source-events
openbanking-client,nikitakoselev/openbanking-client,False,True,0,0,Java client for using the UK Open Banking API ,https://github.com/nikitakoselev/openbanking-client
openbox,nikitakoselev/openbox,False,True,0,0,Openbox Window Manager (OpenboxWM),https://github.com/nikitakoselev/openbox
openmct,nikitakoselev/openmct,False,True,0,0,A web based mission control framework. ,https://github.com/nikitakoselev/openmct
opentelemetry-collector-contrib,nikitakoselev/opentelemetry-collector-contrib,False,True,0,0,Contrib repository for the OpenTelemetry Collector,https://github.com/nikitakoselev/opentelemetry-collector-contrib
oreilly-gradle-book-examples,nikitakoselev/oreilly-gradle-book-examples,False,True,0,0,,https://github.com/nikitakoselev/oreilly-gradle-book-examples
origin,nikitakoselev/origin,False,True,0,0,Conformance test suite for OpenShift,https://github.com/nikitakoselev/origin
OSFU,nikitakoselev/OSFU,False,False,3,0,dummy description,https://github.com/nikitakoselev/OSFU
OSSClass,nikitakoselev/OSSClass,False,True,0,0,An Open Open source class,https://github.com/nikitakoselev/OSSClass
overleaf,nikitakoselev/overleaf,False,True,0,0,A web-based collaborative LaTeX editor,https://github.com/nikitakoselev/overleaf
paragon,nikitakoselev/paragon,False,True,0,0,"üíé An accessible, theme-ready design system built for learning applications and Open edX.",https://github.com/nikitakoselev/paragon
parsing-log-files,nikitakoselev/parsing-log-files,False,False,2,0,https://exercism.org/tracks/go/exercises/parsing-log-files,https://github.com/nikitakoselev/parsing-log-files
pathway-examples,nikitakoselev/pathway-examples,False,True,0,0,Code examples for the Pathway.com programming framework,https://github.com/nikitakoselev/pathway-examples
petclient-apitest,nikitakoselev/petclient-apitest,False,False,0,0,,https://github.com/nikitakoselev/petclient-apitest
petclient-apitest-2,nikitakoselev/petclient-apitest-2,False,False,0,0,,https://github.com/nikitakoselev/petclient-apitest-2
pipeline-plugin,nikitakoselev/pipeline-plugin,False,True,0,0,Jenkins Pipeline plugin,https://github.com/nikitakoselev/pipeline-plugin
playwright-java,nikitakoselev/playwright-java,False,True,0,0,Java version of the Playwright testing and automation library,https://github.com/nikitakoselev/playwright-java
please,nikitakoselev/please,False,True,0,0,High-performance extensible build system for reproducible multi-language builds.,https://github.com/nikitakoselev/please
pluralsight-typescript,nikitakoselev/pluralsight-typescript,False,False,0,0,,https://github.com/nikitakoselev/pluralsight-typescript
pockets-cli,nikitakoselev/pockets-cli,False,True,0,0,D&D Inventory tracking CLI,https://github.com/nikitakoselev/pockets-cli
polkadot,nikitakoselev/polkadot,False,True,0,0,,https://github.com/nikitakoselev/polkadot
postage-refactoring-kata,nikitakoselev/postage-refactoring-kata,False,True,0,0,"A collection of code samples for demonstrating and practising executing complex refactoring in simple, safe steps",https://github.com/nikitakoselev/postage-refactoring-kata
postman-docs,nikitakoselev/postman-docs,False,True,0,0,"Documentation for Postman, a collaboration platform for API development. Available for Mac, Windows, and Linux.",https://github.com/nikitakoselev/postman-docs
pre-commit-hooks,nikitakoselev/pre-commit-hooks,False,True,1,0,Standardizing our code quality tooling :hammer_and_wrench:,https://github.com/nikitakoselev/pre-commit-hooks
preload-local-actions,nikitakoselev/preload-local-actions,False,True,0,0,Open source GitHub action to load 1 or more private/internal action repos,https://github.com/nikitakoselev/preload-local-actions
primefaces,nikitakoselev/primefaces,False,True,1,0,Ultimate Component Suite for JavaServer Faces,https://github.com/nikitakoselev/primefaces
prodfiler-documentation,nikitakoselev/prodfiler-documentation,False,True,1,0,"Documentation for Prodfiler, the distributed lightweight continuous whole-system profiler",https://github.com/nikitakoselev/prodfiler-documentation
pulldozer,nikitakoselev/pulldozer,False,True,1,0,CLI tool for batch editing multiple repos :tractor:,https://github.com/nikitakoselev/pulldozer
py,nikitakoselev/py,False,True,0,0,Repository to store sample python programs for python learning,https://github.com/nikitakoselev/py
pytorch,nikitakoselev/pytorch,False,True,0,0,Tensors and Dynamic neural networks in Python with strong GPU acceleration,https://github.com/nikitakoselev/pytorch
qdrant,nikitakoselev/qdrant,False,True,0,0,Qdrant - Vector Database for the next generation of AI applications. Also available in the cloud https://cloud.qdrant.io/,https://github.com/nikitakoselev/qdrant
quickwit,nikitakoselev/quickwit,False,True,0,0,Cloud-native search engine for log management & analytics,https://github.com/nikitakoselev/quickwit
raindrops,nikitakoselev/raindrops,False,False,1,0,"Initial submit, with all the tests working",https://github.com/nikitakoselev/raindrops
react,nikitakoselev/react,False,True,0,0,"A declarative, efficient, and flexible JavaScript library for building user interfaces.",https://github.com/nikitakoselev/react
react-helmet,nikitakoselev/react-helmet,False,True,0,0,A document head manager for React,https://github.com/nikitakoselev/react-helmet
react-native,nikitakoselev/react-native,False,True,1,0,A framework for building native applications using React,https://github.com/nikitakoselev/react-native
react-native-intercom,nikitakoselev/react-native-intercom,False,True,0,0,React Native wrapper for Intercom.io,https://github.com/nikitakoselev/react-native-intercom
refact,nikitakoselev/refact,False,True,0,0,"ü§ñ Refact AI: Open-Source Coding Assistant with Fine-Tuning on codebase, autocompletion, code refactoring, code analysis, integrated chat and more!  ",https://github.com/nikitakoselev/refact
RefactorFirst,nikitakoselev/RefactorFirst,False,True,0,0,Tool for Java codebases that will help you identify the God Classes you should refactor first.,https://github.com/nikitakoselev/RefactorFirst
release,nikitakoselev/release,False,True,0,0,Release tooling for OpenShift,https://github.com/nikitakoselev/release
resources,nikitakoselev/resources,False,True,0,0,‚ôª Resources for Devs,https://github.com/nikitakoselev/resources
retail-demo-store,nikitakoselev/retail-demo-store,False,True,0,0,"AWS Retail Demo Store is a sample retail web application and workshop platform demonstrating how AWS infrastructure and services can be used to build compelling customer experiences for eCommerce, retail, and digital marketing use-cases",https://github.com/nikitakoselev/retail-demo-store
reveal.js,nikitakoselev/reveal.js,False,True,0,0,The HTML Presentation Framework,https://github.com/nikitakoselev/reveal.js
saddle-points,nikitakoselev/saddle-points,False,False,0,0,exercism.io exercise,https://github.com/nikitakoselev/saddle-points
scio,nikitakoselev/scio,False,True,0,0,A Scala API for Apache Beam and Google Cloud Dataflow.,https://github.com/nikitakoselev/scio
scrabble-score,nikitakoselev/scrabble-score,False,False,1,0,https://exercism.org/tracks/go/exercises/scrabble-score,https://github.com/nikitakoselev/scrabble-score
secure-code-game,nikitakoselev/secure-code-game,False,True,0,0,"A GitHub Security Lab initiative, providing an in-repo learning experience, where learners secure intentionally vulnerable code.",https://github.com/nikitakoselev/secure-code-game
selenide,nikitakoselev/selenide,False,True,1,0,Concise UI Tests with Java!,https://github.com/nikitakoselev/selenide
semi-structured-logs,nikitakoselev/semi-structured-logs,False,False,1,0,https://exercism.org/tracks/rust/exercises/semi-structured-logs,https://github.com/nikitakoselev/semi-structured-logs
shopping_rest,nikitakoselev/shopping_rest,False,True,0,0,Spring REST API for products,https://github.com/nikitakoselev/shopping_rest
site-hubspot-migration,nikitakoselev/site-hubspot-migration,False,True,0,0,"repository containing the codes from hubspot cms after migration ( themes, templates, modules..)",https://github.com/nikitakoselev/site-hubspot-migration
skipper,nikitakoselev/skipper,False,True,0,0,"An HTTP router and reverse proxy for service composition, including use cases like Kubernetes Ingress",https://github.com/nikitakoselev/skipper
sleekwaredb,nikitakoselev/sleekwaredb,False,True,2,0,SleekwareDB is a NoSQL database storage service. A database storage service that can be used for various platforms and is easy to integrate.,https://github.com/nikitakoselev/sleekwaredb
slides,nikitakoselev/slides,False,True,0,0,Terminal based presentation tool,https://github.com/nikitakoselev/slides
snyk-intellij-plugin,nikitakoselev/snyk-intellij-plugin,False,True,0,0,Snyk Vulnerability Scanner for IDEs based on the IntelliJ platform,https://github.com/nikitakoselev/snyk-intellij-plugin
socceraction,nikitakoselev/socceraction,False,True,0,0,Convert soccer event stream data to SPADL and value player actions using VAEP or xT,https://github.com/nikitakoselev/socceraction
solace-samples-java,nikitakoselev/solace-samples-java,False,True,0,0,"This repository holds code samples for the ""Solace PubSub+ Messaging API for Java"".  AKA the ""New Java"" API, not JCSMP.",https://github.com/nikitakoselev/solace-samples-java
sorting-room,nikitakoselev/sorting-room,False,False,1,0,https://exercism.org/tracks/go/exercises/sorting-room,https://github.com/nikitakoselev/sorting-room
spacewalk,nikitakoselev/spacewalk,False,True,0,0,,https://github.com/nikitakoselev/spacewalk
spark,nikitakoselev/spark,False,True,0,0,Apache Spark - A unified analytics engine for large-scale data processing,https://github.com/nikitakoselev/spark
spring-boot,nikitakoselev/spring-boot,False,True,0,0,Spring Boot,https://github.com/nikitakoselev/spring-boot
spring-boot-cucumber,nikitakoselev/spring-boot-cucumber,False,True,0,0,Sample project showing how to set up DI with Cucumber using Spring Boot,https://github.com/nikitakoselev/spring-boot-cucumber
spring-cloud-aws,nikitakoselev/spring-cloud-aws,False,True,0,0,The New Home for Spring Cloud AWS,https://github.com/nikitakoselev/spring-cloud-aws
spring-framework,nikitakoselev/spring-framework,False,True,0,0,Spring Framework,https://github.com/nikitakoselev/spring-framework
spring-security,nikitakoselev/spring-security,False,True,0,0,Spring Security,https://github.com/nikitakoselev/spring-security
starter,nikitakoselev/starter,False,True,1,0,Eclipse Starter for Jakarta EE,https://github.com/nikitakoselev/starter
suite,nikitakoselev/suite,False,True,0,0,Spryker Shop Suite based on the Spryker Commerce OS,https://github.com/nikitakoselev/suite
tag-runtime,nikitakoselev/tag-runtime,False,True,0,0,üèÉüèø‚Äç‚ôÄÔ∏èüèÉüèΩ‚Äç‚ôÄÔ∏èüèÉüèª‚Äç‚ôÇÔ∏èüïíCNCF Technical Advisory Group for Runtime,https://github.com/nikitakoselev/tag-runtime
teamcity-pipelines-dsl,nikitakoselev/teamcity-pipelines-dsl,False,True,0,0,Experimental Kotlin DSL library for TeamCity pipelines,https://github.com/nikitakoselev/teamcity-pipelines-dsl
tecnologias_java,nikitakoselev/tecnologias_java,False,True,0,0,Varios projetos para testar tecnologias diferentes de java,https://github.com/nikitakoselev/tecnologias_java
temporal,nikitakoselev/temporal,False,True,0,0,Temporal service,https://github.com/nikitakoselev/temporal
tensorflow,nikitakoselev/tensorflow,False,True,0,0,An Open Source Machine Learning Framework for Everyone,https://github.com/nikitakoselev/tensorflow
terraform-provider-artifactory,nikitakoselev/terraform-provider-artifactory,False,True,0,0,Terraform provider to manage Artifactory,https://github.com/nikitakoselev/terraform-provider-artifactory
terraform-provider-restapi,nikitakoselev/terraform-provider-restapi,False,True,0,0,A terraform provider to manage objects in a RESTful API,https://github.com/nikitakoselev/terraform-provider-restapi
Test-Driven-Development-in-Go,nikitakoselev/Test-Driven-Development-in-Go,False,True,0,0,"Test-Driven Development in Go, published by Packt",https://github.com/nikitakoselev/Test-Driven-Development-in-Go
test-retry-gradle-plugin,nikitakoselev/test-retry-gradle-plugin,False,True,1,0,Gradle plugin to retry tests that have failed to mitigate test flakiness.,https://github.com/nikitakoselev/test-retry-gradle-plugin
testcontainer-getting-started,nikitakoselev/testcontainer-getting-started,False,False,0,0,A testcontainer demo,https://github.com/nikitakoselev/testcontainer-getting-started
testcontainers-cloud-raffle,nikitakoselev/testcontainers-cloud-raffle,False,True,0,0,,https://github.com/nikitakoselev/testcontainers-cloud-raffle
testcontainers-java,nikitakoselev/testcontainers-java,False,True,0,0,"Testcontainers is a Java library that supports JUnit tests, providing lightweight, throwaway instances of common databases, Selenium web browsers, or anything else that can run in a Docker container.",https://github.com/nikitakoselev/testcontainers-java
testcontainers-java-spring-boot-quickstart,nikitakoselev/testcontainers-java-spring-boot-quickstart,False,True,0,0,Testcontainers QuickStarts,https://github.com/nikitakoselev/testcontainers-java-spring-boot-quickstart
tetris,nikitakoselev/tetris,False,False,0,0,"tetris game, based on http://zetcode.com/tutorials/javagamestutorial/tetris/",https://github.com/nikitakoselev/tetris
texteditor,nikitakoselev/texteditor,False,False,0,0,"Java text editor, based on example from Java Magazine (https://blogs.oracle.com/javamagazine/for-the-fun-of-it-writing-your-own-text-editor-part-1)",https://github.com/nikitakoselev/texteditor
the-farm,nikitakoselev/the-farm,False,False,1,0,https://exercism.org/tracks/go/exercises/the-farm,https://github.com/nikitakoselev/the-farm
TogetherWeOpenSource,nikitakoselev/TogetherWeOpenSource,False,False,15,2,"OpenSource for the cause of empowering people, especially those from underprivileged and underrerpresented groups",https://github.com/nikitakoselev/TogetherWeOpenSource
tonnop-assessment-crudapi,nikitakoselev/tonnop-assessment-crudapi,False,False,0,0,This repository is for assessment from tonnopwallet coding interview.,https://github.com/nikitakoselev/tonnop-assessment-crudapi
ToolJet,nikitakoselev/ToolJet,False,True,1,0,"Extensible low-code framework for building business applications. Connect to databases, cloud storages, GraphQL, API endpoints, Airtable, etc and build apps using drag and drop application builder. Built using JavaScript/TypeScript. üöÄ",https://github.com/nikitakoselev/ToolJet
torchsr,nikitakoselev/torchsr,False,True,0,0,An easy-to-use SRGAN-based Super Resolution tool using PyTorch,https://github.com/nikitakoselev/torchsr
transitioning-from-java-to-go-2464007,nikitakoselev/transitioning-from-java-to-go-2464007,False,True,0,0,Transitioning from Java to Go,https://github.com/nikitakoselev/transitioning-from-java-to-go-2464007
travel-guide,nikitakoselev/travel-guide,False,True,0,0,"""A travel guide to suggest activities  you can do once you arrive to a  certain destination. Or you can just  browse destinations and check  out the different available activities.""",https://github.com/nikitakoselev/travel-guide
tutorials,nikitakoselev/tutorials,False,True,0,0,"Just Announced - ""Learn Spring Security OAuth"": ",https://github.com/nikitakoselev/tutorials
twitter-api-java-sdk,nikitakoselev/twitter-api-java-sdk,False,True,0,0,A Java SDK for the Twitter API,https://github.com/nikitakoselev/twitter-api-java-sdk
two-fer,nikitakoselev/two-fer,False,False,1,0,https://exercism.org/tracks/go/exercises/two-fer,https://github.com/nikitakoselev/two-fer
TypeScript,nikitakoselev/TypeScript,False,True,0,0,TypeScript is a superset of JavaScript that compiles to clean JavaScript output.,https://github.com/nikitakoselev/TypeScript
typhon,nikitakoselev/typhon,False,True,0,0,"A wrapper around Go's net/http to provide safety and convenience. At Monzo, Typhon forms the basis of most clients and servers in our microservices platform.",https://github.com/nikitakoselev/typhon
ubuntu-make,nikitakoselev/ubuntu-make,False,True,0,0,Easy setup of common tools for developers on Ubuntu.,https://github.com/nikitakoselev/ubuntu-make
up-for-grabs.net,nikitakoselev/up-for-grabs.net,False,True,0,0,"This is a list of projects which have curated tasks specifically for new contributors. These issues are a great way to get started with a project, or to help share the load of working on open source projects. Jump in!",https://github.com/nikitakoselev/up-for-grabs.net
upskilling-java,nikitakoselev/upskilling-java,False,False,0,0,,https://github.com/nikitakoselev/upskilling-java
user-interface-samples,nikitakoselev/user-interface-samples,False,True,0,0,Multiple samples showing the best practices in the user interface on Android.,https://github.com/nikitakoselev/user-interface-samples
vanus,nikitakoselev/vanus,False,True,1,0,"Vanus is an open-source, cloud-native, Serverless message queue for building EDA applications with Ease.",https://github.com/nikitakoselev/vanus
vanus-connect,nikitakoselev/vanus-connect,False,True,1,0,Vance is a  Kubernetes-based platform which manages a variety of out-of-box connectors.,https://github.com/nikitakoselev/vanus-connect
vim_commands_and_keys,nikitakoselev/vim_commands_and_keys,False,True,1,0,Just the most commands and keys for vim,https://github.com/nikitakoselev/vim_commands_and_keys
virtual-tech-school,nikitakoselev/virtual-tech-school,False,True,1,0,Coming Soon!,https://github.com/nikitakoselev/virtual-tech-school
vscode,nikitakoselev/vscode,False,True,0,0,Visual Studio Code,https://github.com/nikitakoselev/vscode
wails,nikitakoselev/wails,False,True,0,0,Create beautiful applications using Go,https://github.com/nikitakoselev/wails
waltz,nikitakoselev/waltz,False,True,0,0,Enterprise Information Service,https://github.com/nikitakoselev/waltz
webinar-code-examples,nikitakoselev/webinar-code-examples,False,True,0,0,,https://github.com/nikitakoselev/webinar-code-examples
website-honestly,nikitakoselev/website-honestly,False,True,0,0,ü¶Ñ The Red Badger website. Honestly.,https://github.com/nikitakoselev/website-honestly
wildfly,nikitakoselev/wildfly,False,True,1,0,WildFly Application Server,https://github.com/nikitakoselev/wildfly
WomenWhoCode,nikitakoselev/WomenWhoCode,False,True,0,0,Bring the WWCode experience mobile. ,https://github.com/nikitakoselev/WomenWhoCode
workbenchscripts,nikitakoselev/workbenchscripts,False,True,0,0,Scripts for Mysql Workbench,https://github.com/nikitakoselev/workbenchscripts
wtfpython,nikitakoselev/wtfpython,False,True,0,0,What the f*ck Python? üò±,https://github.com/nikitakoselev/wtfpython
www-project-api-security,nikitakoselev/www-project-api-security,False,True,1,0,OWASP Foundation Web Respository,https://github.com/nikitakoselev/www-project-api-security
xstream,nikitakoselev/xstream,False,True,0,0,Serialize Java objects to XML and back again.,https://github.com/nikitakoselev/xstream
ytb_tree_js,nikitakoselev/ytb_tree_js,False,True,0,0,https://youtu.be/3QhmRhjOQXI,https://github.com/nikitakoselev/ytb_tree_js
zenith,nikitakoselev/zenith,False,True,1,0,Create a space where expertise can be identified and implemented to help the fintech ecosystem understand and adopt new technologies through the exploration and creation of common understanding.,https://github.com/nikitakoselev/zenith